condition,seed,scenario,n_episodes,sim_steps,wall_s,reward,reward_std,ep_length,ep_length_std,vx_abs_err,vx_abs_err_std,vy_abs_err,vy_abs_err_std,mean_height,mean_height_std,below_thresh_frac,below_thresh_frac_std,energy_per_step,energy_per_step_std,torque_peak,torque_peak_std,torque_peak_std_acrossdofs,torque_peak_std_acrossdofs_std,energy_std_acrossdofs,energy_std_acrossdofs_std,mean_jerk,mean_jerk_std,fatigue_max_acrossdofs,fatigue_max_acrossdofs_std,fatigue_std_acrossdofs,fatigue_std_acrossdofs_std,early_terminated,early_terminated_std,survived,survived_std,error
reference,1,payload_8kg,64,4419,66.1,72.08736239001155,48.32653586106575,3535.234375,342.37905950408935,0.5417722417041659,0.2737292236593553,0.07553946365078446,0.03374768130014534,0.16086036794877145,0.07470717432872549,0.7182830310193822,0.25720168870349297,0.9118283949501347,0.40744067560640757,24.76275807619095,1.2304263419780077,2.0534922797232866,0.6499095783916022,0.03220886156486813,0.01564238032432038,739.6080736517906,381.6907197918227,0.9651580061763525,0.034157035659559846,0.11275642469990999,0.022324160372121826,1.0,0.0,0.0,0.0,
reference,1,push_x_1p5,64,3578,49.7,263.8660379052162,28.234750918117307,3540.140625,302.875,0.07996173144783825,0.039484436773223885,0.05022100862697698,0.011121954990906527,0.3166834474541247,0.037804195940451736,0.1485922262800159,0.1298403499638529,0.6787946652621031,0.02757353040862424,26.551810324192047,2.86610637137659,4.3211649954319,0.7889273179681501,0.026930399355478585,0.0007410489218825445,723.5635662078857,107.86978602752504,0.8915700474753976,0.07285536453919791,0.17679486190900207,0.02299436377757176,1.0,0.0,0.0,0.0,
reference,2,payload_8kg,65,3578,54.0,60.58095575295962,46.8617641448431,2936.5692307692307,1061.613394338288,0.3935390444902273,0.19845485826312717,0.12372789139357897,0.04773918702437572,0.2161876135147535,0.06715499402615535,0.5219113600941805,0.3111384238242673,1.3944563893171458,0.31726171285214055,26.320212173461915,1.2735422989049991,2.832456300808833,0.39875846165271167,0.06264397842952839,0.017602730420762134,835.3684316781851,205.90405280071656,1.0539564536168025,0.024954855734662554,0.14690546347544745,0.01885146399463815,1.0,0.0,0.0,0.0,
reference,2,push_x_1p5,65,3578,50.3,253.70531252347507,58.84368419822482,3332.630769230769,689.0532356345636,0.07930081446583455,0.06120443944261069,0.06648965260157218,0.02097663883185781,0.31812381400511813,0.039978494680945005,0.14510137980015805,0.15249599263517188,0.7151220697623033,0.03516859460259361,26.12134132385254,2.913972084594877,4.433563375473023,0.906418809165467,0.03874977729641474,0.0009157578962884843,923.1912259615384,125.30089365049663,0.9329173124753511,0.08329450764774404,0.20249030314959013,0.02530826966600125,1.0,0.0,0.0,0.0,
reference,3,payload_8kg,67,3578,53.8,73.61104568861313,53.949015496873656,2920.5373134328356,1078.9548580491328,0.3980291906132627,0.19435637584103602,0.10296438706677351,0.04453601851430126,0.21842013455148954,0.06173974094595024,0.4973948767770137,0.3138142623777635,1.168812952824493,0.21708025101896194,25.77451563593167,2.0621054382314066,2.5488027618892155,0.5904440507072339,0.04714804865531067,0.012381628941990791,965.1524917830283,536.388725083639,0.9962506178599685,0.03633532379932372,0.12340619959937993,0.020210425902808145,1.0,0.0,0.0,0.0,
reference,3,push_x_1p5,64,3588,51.6,254.80274530057795,75.79982918168054,3232.859375,913.6240911396296,0.10481747327139601,0.23467602318515055,0.06336912381811999,0.07406848281166946,0.3028213591896929,0.07143589685060349,0.21181586588500068,0.2194046803289443,0.7069152630865574,0.3133926440389728,25.380304157733917,2.5428651400256075,4.134824302047491,0.9294777725889655,0.037898834998486564,0.029192248714140633,841.6374273300171,489.86563644440406,0.8965733568184078,0.08910075861055901,0.1806748639792204,0.018653533748283196,1.0,0.0,0.0,0.0,
reference,4,payload_8kg,81,3578,55.1,39.59923421343168,38.155681261439284,2072.061728395062,1237.9950458874928,0.4856449356417597,0.1514793763084417,0.14594783199330172,0.044757635388987534,0.23283058358931247,0.08427132709293098,0.46936921885720007,0.3847105969485744,1.276050857555719,0.17573968459243444,26.184424576935946,1.5067753517355538,2.8387858588018533,0.49999594849207796,0.05236301805686067,0.011574381117811406,921.3122829861111,224.5782225120692,1.0254281258877413,0.04213990770941754,0.14109366258353362,0.026649495894034182,1.0,0.0,0.0,0.0,
reference,4,push_x_1p5,64,3578,48.8,223.094622194767,79.82137003668345,3010.75,1006.6415323257702,0.08761172433150932,0.041965613135667594,0.08213225967483595,0.02759028588929584,0.329857453238219,0.04204898905737885,0.11813275956592406,0.13850835988999757,0.802818232215941,0.0247751982886457,26.202908992767334,2.6916781524838087,4.5732353664934635,0.7971637187020559,0.0421836519963108,0.0012842890408424406,816.3393182754517,103.69771276041917,0.904275887645781,0.08549216537381647,0.18817221792414784,0.02216390356290694,1.0,0.0,0.0,0.0,
reference,5,payload_8kg,71,3578,55.4,42.45122533868736,42.497664404444926,2843.9154929577467,1176.7598097740238,0.5191490742522227,0.2262989065015075,0.106281551571799,0.046211652893639536,0.18710216746049027,0.08025390883080946,0.6143335574937814,0.34945591881696025,1.1989032913681488,0.4318224052943674,26.160738474886184,1.5945909894514414,2.5903254008628953,0.5227770115711268,0.051585009865935,0.02211186398312525,764.0866170533945,288.68920416825523,1.0409261911687717,0.033619075247049164,0.12920432296437276,0.021156427658308764,1.0,0.0,0.0,0.0,
reference,5,push_x_1p5,64,3578,49.3,237.04907137155533,77.65083583666053,3111.828125,922.0252820740493,0.07452667184406891,0.051247714182420155,0.08357052382780239,0.03413952157184557,0.31270571146160364,0.0421183729779281,0.155806490649411,0.15631839200076902,0.7270167171955109,0.04425179628388028,25.624696791172028,2.5821449984391474,4.1889860443770885,0.9291971157059337,0.035783793893642724,0.0013235936657866139,958.2546806335449,118.8527909560695,0.8653226168826222,0.0710039279768513,0.18731864169239998,0.023073069913388016,1.0,0.0,0.0,0.0,
reference,6,payload_8kg,69,3578,55.3,40.13424279292425,39.73081989899072,2824.942028985507,1167.9970019610241,0.5855600494837415,0.19846746368041132,0.1010961265883584,0.044980006566980604,0.20520907586467438,0.07801355704469459,0.5665153434797041,0.3565320045432777,1.0698590172805649,0.3956610379157237,26.1102604796921,1.915794576316322,2.792640105537746,0.6290070546874338,0.04582053387834542,0.01878436460146279,857.0689504872198,390.78848468765386,1.0241085213163625,0.035110234294094496,0.1349932375377503,0.021622002393941145,1.0,0.0,0.0,0.0,
reference,6,push_x_1p5,64,3578,48.4,229.6203039586544,71.85257723754883,3093.53125,870.8610402290878,0.08416051274980418,0.05126549364347383,0.07450344058452174,0.025426498049921302,0.3167059114202857,0.039764358921499265,0.13872261302822153,0.14057256197410006,0.7321909666061401,0.04724407022287036,25.42092341184616,2.5858113242453586,4.148693103343248,0.9265419185442155,0.037357629102189094,0.0014562058232996946,826.4489221572876,182.44556081732728,0.8924992764368653,0.08825567923117542,0.17857829574495554,0.02287204120101801,1.0,0.0,0.0,0.0,
reference,7,payload_8kg,64,4571,68.0,81.19247648864985,41.900195422922614,3410.296875,695.5140540313753,0.38924313441384584,0.2227673021697822,0.10434916013036855,0.029890550727746486,0.2084735210519284,0.0615112917731633,0.5462011640192941,0.28603458876792703,1.1984805252868682,0.35264320869913623,25.639514178037643,1.715329558182059,2.509050952270627,0.5264355342596488,0.04976207923391485,0.015766950959689285,842.3564702272415,363.77456663326404,1.0036913100630045,0.02890882170582732,0.12835470715072006,0.021370917481766817,0.96875,0.17536809360305042,0.03125,0.17536809360305042,
reference,7,push_x_1p5,67,3578,49.1,200.09731970260393,93.81343075603627,2731.0,1135.8968289684613,0.10026415726586954,0.0619801593139517,0.09116202081317332,0.048304440475068315,0.31377199336664,0.04912088662987347,0.18449989404640535,0.18198260302009153,0.719666573538709,0.04451791214821333,26.063432095655756,2.9915077314915295,4.004344146643112,0.7939914688392662,0.038720246738017494,0.0015605234024836088,1079.5864622201493,151.31615905677535,0.8816003746061183,0.09013967129193236,0.1846530128325989,0.02726854213699955,1.0,0.0,0.0,0.0,
reference,8,payload_8kg,64,4287,65.0,74.2301585227251,38.374420199747,3410.84375,614.6380589032711,0.4182259840890765,0.21930359129661586,0.08683914605353493,0.0294067214403644,0.19088499929057434,0.054471559059423406,0.6232147698174231,0.2710867296060573,1.1781379556050524,0.369091279758322,25.548016786575317,0.899694125915693,2.3681214973330498,0.446262113776922,0.05056659429828869,0.018261770099503843,763.0119477510452,249.36085022021263,1.039989939890802,0.029990226828323606,0.12646426481660455,0.01891691823222128,1.0,0.0,0.0,0.0,
reference,8,push_x_1p5,64,3578,48.7,238.13129422068596,78.18701021963956,3095.875,908.0692495095085,0.08084061605040915,0.050134972430364584,0.06307986512547359,0.02959575129003842,0.3198798920493573,0.050386150699252966,0.18516764771084127,0.17294199077305053,0.7395131755620241,0.050630770062950324,25.612783402204514,3.077583340218997,4.42990081384778,0.7430296952618941,0.035556338814785704,0.0013937782343115027,837.7315855026245,232.9627768901377,0.9167753187939525,0.07245012986903239,0.19711906486190856,0.02308302310811458,1.0,0.0,0.0,0.0,
no_fatigue,1,payload_8kg,64,3578,52.5,170.30506873130798,17.26379971444819,3578.0,0.0,0.30659813224337995,0.16796891447760062,0.07560582750011235,0.015964558207224096,0.12935472262324765,0.04616721650196947,0.8457675388490316,0.1603167120201991,1.7255732412450016,0.3807185952671617,28.649002373218536,0.6612630515796686,2.462681721895933,0.2559345716843701,0.060328803207085,0.01558371750393514,8419.722743034363,1505.4514586717867,0.0,0.0,0.0,0.0,1.0,0.0,0.0,0.0,
no_fatigue,1,push_x_1p5,64,3578,48.2,220.39100575447083,23.60369177783334,3531.390625,274.23548085237496,0.07816613593604416,0.024310058270383104,0.06960284465458244,0.013466675453122752,0.304975641425699,0.04453839979335078,0.22219231173949083,0.18607010169461763,1.8025999274104834,0.04122620400743024,33.05941033363342,4.477553705250539,3.2939094733446836,1.2959826493010453,0.06825580971781164,0.002001840337799583,24014.300567626953,214.77632355014018,0.0,0.0,0.0,0.0,1.0,0.0,0.0,0.0,
no_fatigue,2,payload_8kg,64,3578,52.0,166.29772353172302,18.477277149198905,3578.0,0.0,0.33981225825846195,0.1393961554660803,0.08162149306735955,0.015166444317100139,0.1200370560400188,0.04733341662268057,0.8796420814469457,0.1288761119621449,1.5886818850412965,0.24431013992534528,27.64237406849861,0.7906581397687066,1.9935071021318436,0.22448267264226118,0.05092556233284995,0.011151510535224,12306.990859985352,1143.3213898246156,0.0,0.0,0.0,0.0,1.0,0.0,0.0,0.0,
no_fatigue,2,push_x_1p5,64,3578,47.9,228.14651584625244,13.919387113348805,3569.203125,70.375,0.07350150097045116,0.02362378255074698,0.0641410198295489,0.010635124831558228,0.3053438379429281,0.04000132900199875,0.19900392995623406,0.1647372654109991,1.6450433395802975,0.042384773991219225,31.36355510354042,3.310938744523796,2.6675249747931957,0.8855983887942589,0.0631784595316276,0.0017203960498101514,27745.75665283203,401.71232162983785,0.0,0.0,0.0,0.0,1.0,0.0,0.0,0.0,
no_fatigue,3,payload_8kg,64,3578,50.9,138.33890962600708,16.355352960520662,3578.0,0.0,0.5729810812044889,0.20731729246251726,0.057423461170401424,0.02030494250085079,0.1079389406950213,0.05891310601655075,0.8856248240917921,0.15531326501249132,1.1123244599439204,0.43000464235539837,27.87950313091278,0.7937896117025278,2.1132383327931166,0.2824537521547637,0.03791122493566945,0.019875244230432396,6878.511505126953,2236.7116704032333,0.0,0.0,0.0,0.0,1.0,0.0,0.0,0.0,
no_fatigue,3,push_x_1p5,64,4560,63.7,215.20512890815735,30.740028686571918,3507.0,402.80145962125795,0.08219960401766002,0.031004184536464585,0.06389037554617971,0.009997530335673513,0.3053249744698405,0.03659728465705673,0.16047762975358637,0.14002753754994288,1.7902552504092455,0.03985315279925498,34.95068556070328,5.702419736847181,3.6891632843762636,1.4563231904558032,0.07023378048324957,0.003285686705929841,24414.563903808594,334.20952905122965,0.0,0.0,0.0,0.0,1.0,0.0,0.0,0.0,
no_fatigue,4,payload_8kg,64,3578,51.6,161.95803499221802,17.217469406661632,3578.0,0.0,0.3471149739343673,0.11313729789964191,0.06868115713587031,0.009149747035539927,0.12052413140190765,0.0428452903256335,0.8749912651255727,0.1132204215895542,1.579312751069665,0.21028864328957098,28.899123638868332,1.3063301541630075,2.3747407011687756,0.4100786474724223,0.04546300660877023,0.009618438203569737,8855.085960388184,696.5980065734029,0.0,0.0,0.0,0.0,1.0,0.0,0.0,0.0,
no_fatigue,4,push_x_1p5,64,3578,49.8,226.8956813812256,15.606104510357897,3578.0,0.0,0.07650482835015282,0.026497320256732505,0.06145000149263069,0.012145077299310608,0.30064032855443656,0.038179699821008065,0.19190190111476113,0.15651608737300257,1.6552602648735046,0.059526165583834015,33.37546792626381,4.476710905257358,3.3596323914825916,1.165576232570929,0.056906342157162726,0.0018773233697767042,29024.072265625,587.4588857650498,0.0,0.0,0.0,0.0,1.0,0.0,0.0,0.0,
no_fatigue,5,payload_8kg,64,3578,52.2,177.39471232891083,23.98044662999138,3578.0,0.0,0.2778863657731563,0.16015148709488763,0.07928193124826066,0.015419065701092381,0.12626988510601223,0.04139303098538861,0.8654756499454379,0.12249058278405936,1.731120839715004,0.31037122463291755,28.378941535949707,0.8782921625531315,2.1743491888046265,0.3040279125426964,0.05731757769535761,0.013971721624887502,10840.027526855469,1335.113565194172,0.0,0.0,0.0,0.0,1.0,0.0,0.0,0.0,
no_fatigue,5,push_x_1p5,64,3578,49.8,224.8065402507782,16.985774276317827,3568.25,78.0,0.08059388084802777,0.0278052576124313,0.06429987429874018,0.013018256087031615,0.3084665441419929,0.038541301747465374,0.18394179062306648,0.1568174028318203,1.724717864766717,0.06368277523034392,32.87192714214325,4.711278619481285,3.0302027817815542,1.2786048857865908,0.0645855730981566,0.0016949195075790409,27716.412536621094,410.65759826818265,0.0,0.0,0.0,0.0,1.0,0.0,0.0,0.0,
no_fatigue,6,payload_8kg,64,3578,54.8,152.97325491905212,14.222611623569719,3578.0,0.0,0.3536748008336872,0.10208559578941087,0.08575892605585977,0.012363017236319083,0.1229235093051102,0.043375392015572674,0.8680827291682363,0.12229943892919176,1.5385552188381553,0.17623004647252816,28.03829899430275,0.936188503604761,1.8925599660724401,0.2511948654895346,0.041397920809686184,0.006946032945716323,9448.603904724121,1063.113581156613,0.0,0.0,0.0,0.0,1.0,0.0,0.0,0.0,
no_fatigue,6,push_x_1p5,64,3578,49.2,211.25861889123917,28.95437780084532,3497.125,419.41321443708046,0.08742872200673446,0.024740831651350634,0.07037215633317828,0.010938841517021947,0.31802480737678707,0.04150818968241929,0.16586378490319476,0.14817961269303165,1.8626010529696941,0.039510303505905155,31.38502749800682,3.1523047336219356,2.6904105693101883,0.8505396700322432,0.063870630110614,0.001371567785105228,29072.222290039062,468.8045792940986,0.0,0.0,0.0,0.0,1.0,0.0,0.0,0.0,
no_fatigue,7,payload_8kg,64,3578,52.2,135.09339427947998,11.806861742007184,3578.0,0.0,0.4876458349172026,0.17019268765143974,0.07561435006209649,0.018788306138172818,0.12836759258061647,0.04408338874985445,0.8715020595118403,0.15791962432345266,1.3625614834018052,0.37099882697930986,28.27856680750847,0.6023835277427567,2.647404760122299,0.29979730247810005,0.048205119877820835,0.015816281310944393,8595.03671836853,1854.1177282034585,0.0,0.0,0.0,0.0,1.0,0.0,0.0,0.0,
no_fatigue,7,push_x_1p5,64,3578,47.3,215.74605309963226,25.25819358054311,3520.515625,286.11430683798557,0.07265512167941779,0.027097380686734354,0.06598664296325296,0.013243806269931182,0.3078365752007812,0.0350832260420926,0.17627306429494638,0.14563960214991814,1.79285728931427,0.04313991794106345,30.94522151350975,3.5132365717394607,2.7137557547539473,0.9811545157943974,0.06828636431600899,0.0017019617460250784,21937.154296875,152.22161675316087,0.0,0.0,0.0,0.0,1.0,0.0,0.0,0.0,
no_fatigue,8,payload_8kg,64,3578,51.8,134.2436636686325,10.955127318148953,3578.0,0.0,0.4473949605599046,0.10079397840280731,0.0735771527979523,0.008618433247702527,0.11784075875766575,0.042966260672689695,0.8927124086767435,0.1230681584597054,1.525657513178885,0.17331645647274418,27.996997237205505,0.7508370577002368,1.9105605762451887,0.2640623046931534,0.028339907235931605,0.0065765554414614095,12526.718933105469,898.854195911628,0.0,0.0,0.0,0.0,1.0,0.0,0.0,0.0,
no_fatigue,8,push_x_1p5,64,3578,49.3,208.8834878206253,42.0099945187464,3444.046875,538.0688995147368,0.08854735811473802,0.05882525782285366,0.0628424872411415,0.013195792747784579,0.3045136220753193,0.03680532791510622,0.1976922557587386,0.15395865453484212,1.708995707333088,0.05540815650573294,32.244822680950165,5.168513231185803,2.830878036096692,1.3372586222641698,0.05469457508297637,0.0037939173420957952,29195.535064697266,770.8507142732913,0.0,0.0,0.0,0.0,1.0,0.0,0.0,0.0,
no_hill,1,payload_8kg,64,2217,34.9,15.027126708067954,13.909517533850964,913.109375,539.1148865159404,0.3871475104242563,0.09620081743499172,0.20091082307044417,0.05718484149499033,0.22912445524707437,0.10060162107015604,0.5245351901976392,0.4373804140222421,1.985294722020626,0.13286107363852395,20.00127810239792,0.030480123875971786,1.6815134435892105,0.45159626724075747,0.10713537980336696,0.010282481090664344,1034.073745727539,206.6939785133135,0.8846239242702723,0.007724114983138514,0.13856153620872647,0.022960161521655458,1.0,0.0,0.0,0.0,
no_hill,1,push_x_1p5,64,3587,49.6,238.47311362344772,54.35650383804524,3325.671875,690.029860285276,0.08709940587868914,0.13883706162015302,0.09181640821043402,0.04713683155784902,0.32340900716371834,0.036410658832862625,0.0929983011665172,0.0914026585890836,1.0292153200134635,0.1523027633308058,19.795486360788345,0.12614842149731118,2.8527138736099005,0.6163371036514163,0.06885557423811406,0.012292338631183907,1080.5468864440918,288.7124443324539,0.8076269119046628,0.05945670195642631,0.18038459494709969,0.020219067198203527,1.0,0.0,0.0,0.0,
no_hill,2,payload_8kg,66,3578,53.6,76.48256664926356,47.816510164064546,3119.621212121212,940.1272543184535,0.3879853222857822,0.2155678038883312,0.11734050865087545,0.04736091663951406,0.20050049443362336,0.06575454839014766,0.5677680734432105,0.29987298281655206,1.236742984616395,0.3293209146297707,20.00768300258752,0.04114145746446243,1.0436006784439087,0.3680039668709734,0.057535288855433464,0.014806500135728604,786.0888792095762,217.5354370126001,0.894753893216451,0.005379113450387773,0.09648835077656037,0.020631103960728016,1.0,0.0,0.0,0.0,
no_hill,2,push_x_1p5,64,3587,48.6,251.12569078581873,75.35556712813424,3231.28125,884.4472485772529,0.11940149101428688,0.22472439100365513,0.07088670885423198,0.03277243417905467,0.2961482041864656,0.06355189040438816,0.23846248388599633,0.23400294566645286,0.5747112673707306,0.2608799790861106,19.691182404756546,0.15459707151916968,2.5972884949296713,0.5444786117098787,0.03040697507094592,0.021731681235724064,801.4925374984741,451.5514444792218,0.8126055956818163,0.07230379754602333,0.16772966063581407,0.020056046880030043,1.0,0.0,0.0,0.0,
no_hill,3,payload_8kg,64,3607,54.4,73.50750236958265,49.41615945936637,3192.828125,853.8708231860907,0.42771193420048803,0.2545000048020366,0.10635992130846716,0.04125621322538181,0.19928254789556377,0.07080812856957797,0.5687522569787689,0.3077334077571507,1.400219696573913,0.458412202337377,20.019441843032837,0.008240001541772013,0.82382598426193,0.42952287003577244,0.070512108708499,0.02445517609662494,960.4481129646301,559.0141694539064,0.8950052103027701,0.0033184124789624697,0.0959727736772038,0.024848827377411335,1.0,0.0,0.0,0.0,
no_hill,3,push_x_1p5,65,3578,49.8,235.8094825744629,81.40127532319697,3086.5692307692307,967.6293674690023,0.0894137360728704,0.04777788822247757,0.07646653594879003,0.035821038537464246,0.30255214182230145,0.04670520417034599,0.19585395957558202,0.18312430215266878,0.6334053745636573,0.05031014629936309,19.790376017643855,0.11046807420779332,2.7750823827890247,0.5213026068092003,0.03147310924071532,0.0014709109862832408,867.6681931715746,133.39658059013624,0.8234169409825252,0.0337841112292693,0.17556201976079208,0.016426040715380497,1.0,0.0,0.0,0.0,
no_hill,4,payload_8kg,64,4531,66.2,91.7790611833334,42.27667570166621,3344.578125,736.5535746996126,0.332650885800831,0.1828588168276394,0.10968421556754038,0.027806244141114423,0.20142631395719945,0.05051954269742485,0.5751550806453452,0.2529003579553529,1.4178596683777869,0.2810567476438176,20.005434185266495,0.03889184412564355,0.9227101905271411,0.3009662951502589,0.06589773131418042,0.01447122106276723,773.2226247787476,183.15193330762932,0.8949178084731102,0.0043903781911866935,0.08939649455714971,0.01836809411453138,0.984375,0.125,0.015625,0.125,
no_hill,4,push_x_1p5,65,3578,49.1,258.9803441561185,60.224969309831806,3315.2153846153847,695.7904338840937,0.07320974635390134,0.04914221078754743,0.06429233189958793,0.02141865050468987,0.30877016278413627,0.04197069306712918,0.1743390333874581,0.15915408633853403,0.563778752547044,0.04543081885459843,19.500022946871244,0.2556943674530555,2.844770624087407,0.547386040026616,0.03182417217355508,0.0009431617464754698,711.856103515625,79.77415163944754,0.8247582151339604,0.0322987107053714,0.18247842078025525,0.020084901473145744,1.0,0.0,0.0,0.0,
no_hill,5,payload_8kg,75,3578,55.6,51.68178677370151,44.5470695622935,2399.0933333333332,1285.2222877809927,0.34100914816061656,0.1774090039609684,0.13722928591072558,0.04835646806638265,0.21366693357626598,0.07580839852385236,0.5494878900547823,0.3118944862445417,1.8878448275725046,0.320326368905285,20.01481689453125,0.014452834106868097,1.6508335653940838,0.5385810747066722,0.1027083174387614,0.017259735271731663,992.4049106852214,193.90939011837008,0.897306517759959,0.0023854948329566075,0.13926185329755147,0.02488769198257214,1.0,0.0,0.0,0.0,
no_hill,5,push_x_1p5,64,4401,62.4,206.4487542649731,59.99325702870195,3284.96875,878.6588259052941,0.11399410746525973,0.15818894155403118,0.1043122797855176,0.05936776171219799,0.34726294805295765,0.06559210345484384,0.05976264063883718,0.14142561666587386,1.1745510175824165,0.09994911736873745,19.727291613817215,0.20427829510873677,3.0090859346091747,0.5851901970452107,0.0735298910876736,0.008195740665466097,1088.0130767822266,430.32486350656814,0.8282038019970059,0.060403837178338526,0.18680250085890293,0.01575710991923247,0.984375,0.125,0.015625,0.125,
no_hill,6,payload_8kg,68,3578,55.0,62.723658821162054,50.39041286192709,2998.9117647058824,1025.1862697191764,0.4787714085815584,0.23491993916949555,0.10009767572559855,0.044852503488238014,0.19216648946680567,0.07481474179071634,0.6015124380150262,0.3228740611756284,1.1038005141650928,0.39718587639215797,20.01636224634507,0.012167052188183518,1.2858583379317732,0.4287694107258515,0.05376382177586064,0.020310833947673235,845.8873753267176,1144.9535268210145,0.8961727838305866,0.0030311335199079983,0.10906898339881617,0.025231568908169463,1.0,0.0,0.0,0.0,
no_hill,6,push_x_1p5,64,3578,49.1,266.91668462753296,46.73875140205916,3391.9375,537.061134972931,0.06580247925012372,0.0229029728387872,0.06766766664804891,0.01274202986162234,0.3059200025163591,0.03818985899799671,0.17446379907778464,0.13727272119155082,0.513448846526444,0.03709259631227505,19.74363136291504,0.14603001107239663,2.8473845422267914,0.4960552159604033,0.025857634871499613,0.0013029720570531945,678.682092666626,56.63646271732962,0.8266941737383604,0.032787526767443356,0.17360226204618812,0.014779492044318039,1.0,0.0,0.0,0.0,
no_hill,7,payload_8kg,71,3578,54.5,53.17623228422353,46.54055484080709,2849.943661971831,1110.0172571029684,0.4555756646982381,0.21916303533329531,0.1142992893574943,0.03664387245627519,0.2088915724569643,0.062210152139037384,0.5502965656096037,0.3191364260416774,1.2933757638847325,0.37881322257446737,20.009932289660817,0.034861006258852814,0.7921189809559097,0.4939967014150588,0.060469665735120505,0.018811599694706284,840.4487119862731,329.1351142815627,0.8948334279194684,0.0061153888611100524,0.09557697612424972,0.025510026662048785,1.0,0.0,0.0,0.0,
no_hill,7,push_x_1p5,64,3578,50.9,262.38038551807404,41.39421742586695,3431.8125,405.40572955442497,0.07879722266807221,0.04675485601752489,0.06777313054772094,0.015196831932433432,0.3122607716359198,0.03829334994847788,0.15999165339235333,0.13298398418602606,0.5847330875694752,0.06227468936420206,19.6503227353096,0.194995697501424,2.446076006628573,0.7445752593698048,0.03503711416851729,0.001121380521066589,802.2823143005371,207.5437468222461,0.8091183304786682,0.0334179044782171,0.1661209958838299,0.024316380851427278,1.0,0.0,0.0,0.0,
no_hill,8,payload_8kg,73,3578,57.4,64.68392218384024,56.28835380684149,2341.1917808219177,1243.4585131078543,0.3503741761797095,0.19746359163661256,0.14602791084206268,0.04558999332504294,0.2223139135804895,0.07108707222369924,0.48324610692869924,0.351967346668333,1.4758107405002803,0.2991613572635041,20.008441454743686,0.026779511761796052,1.252171132254274,0.4598322191533838,0.0720057095566841,0.014583506154179133,943.1638982067369,245.51657072656104,0.8913335832830978,0.005073969246536658,0.11752913050251464,0.022716762451706174,1.0,0.0,0.0,0.0,
no_hill,8,push_x_1p5,64,3578,50.5,256.1576927304268,62.895387646255074,3284.15625,690.6455507608184,0.07704783513327129,0.04432813231677297,0.07980785588733852,0.025938673940380214,0.3225228111259639,0.045709554946359976,0.17729317291014013,0.16333043809325268,0.5442300247959793,0.04872092324634469,19.68809199333191,0.1461317644029328,2.9432290866971016,0.49794369702094227,0.030922632664442062,0.001840503377652843,700.1365146636963,85.99352627974899,0.8364371750503778,0.030766301601007923,0.1767909089103341,0.017527319626545024,1.0,0.0,0.0,0.0,
no_activation,1,payload_8kg,67,3578,57.5,47.892308916618575,40.208759611620025,2710.4626865671644,1229.142881064468,0.6528601038144596,0.22336779432497694,0.09210263271885577,0.056396970487704104,0.22417863508436217,0.08336836723113872,0.48645802628971746,0.4291925571265795,0.7373682089261154,0.3885457828182053,56.28966152134226,12.266726677631826,13.095807488284894,2.864600275825714,0.04218679481644684,0.022846749060458357,349.9321820558007,222.43232505992606,1.7482755593399504,0.19571548308012232,0.4185399284113699,0.04476972498154858,1.0,0.0,0.0,0.0,
no_activation,1,push_x_1p5,64,3578,50.8,266.5038202404976,49.34572124583311,3416.390625,505.22943451269333,0.06753314414527267,0.056604776852384256,0.06906490604160354,0.0191843678392465,0.30127275735139847,0.03934595652395149,0.19518293697001354,0.1684429695001497,0.750523584894836,0.02656406797539262,56.10659062862396,20.165884352825568,14.505410522222519,5.12411232191667,0.041630605701357126,0.0011917798220667268,421.6716957092285,55.116286377980565,1.4623738937079906,0.4057862675378097,0.3868906260468066,0.09342935173633504,1.0,0.0,0.0,0.0,
no_activation,2,payload_8kg,66,3578,53.7,156.93601606831407,50.03515297909367,3447.4242424242425,527.7544318396011,0.23261503762368,0.2249087060663309,0.09211555334993383,0.026637839821957835,0.2164519223680889,0.060838468948864216,0.4814718599346551,0.2821085670786765,1.0590543579874616,0.2339235664196236,56.8372596393932,5.785613029932873,10.541264794089578,1.4985757494278464,0.04611423311783283,0.011202461627011813,466.68740515275437,105.0954137328924,1.6561649351408987,0.1680956114547879,0.32448665978330554,0.04514878310197104,1.0,0.0,0.0,0.0,
no_activation,2,push_x_1p5,64,3578,50.0,263.5031028389931,61.48421288197282,3361.046875,630.6093407371952,0.0905246285838075,0.10512301914480134,0.053827959432965145,0.015239183901058764,0.30782860703766346,0.04965365037970851,0.22217435545826447,0.1986966892163752,0.4958419715985656,0.047485844617668735,43.226909309625626,7.57887307767757,10.144351713359356,2.269515227704014,0.02303261833731085,0.0025697386785712975,370.1322820186615,41.25682128173539,1.3179290536791086,0.24971514872075723,0.31918573193252087,0.07144762441911298,1.0,0.0,0.0,0.0,
no_activation,3,payload_8kg,64,3578,53.7,181.42688357830048,27.193786626099374,3578.0,0.0,0.11794726992957294,0.11315953615702748,0.09213949705008417,0.02756918227875846,0.2231631630565971,0.04177321969329583,0.46454024585545994,0.23176889119198305,1.221481115091592,0.17196367964284254,54.09477686882019,7.3596359095789605,11.126712918281555,1.8882548378880335,0.05396033590659499,0.00836545724197949,426.0979323387146,63.036365803615375,1.6102341432124376,0.14567848594611488,0.30465486529283226,0.03971882186843252,1.0,0.0,0.0,0.0,
no_activation,3,push_x_1p5,64,3578,50.2,296.40770196914673,8.252481945986203,3578.0,0.0,0.05470235683606006,0.017407792144545037,0.0427015367167769,0.011653844135854578,0.3063984839245677,0.04052310684647639,0.20598972835432505,0.17026126357492619,0.5252018887549639,0.01430311710354229,45.74094367027283,5.070792617970183,11.44765517115593,1.5441495750112348,0.026215843012323603,0.000666538679483002,350.90235471725464,13.558475005372754,1.425157679244876,0.19979779395334427,0.3530122064985335,0.046443884774027167,1.0,0.0,0.0,0.0,
no_activation,4,payload_8kg,66,3578,55.2,100.71724290558787,58.864861276204415,2915.3939393939395,1141.391443388125,0.367559075016867,0.2478400769524486,0.11362946270541711,0.04794900285639385,0.2265781511298635,0.07674929699614882,0.4476455547282416,0.33760135045643597,1.081292763126619,0.3637189425143387,53.03302897828998,5.590907340677467,11.165410952134566,1.5844120434905002,0.05817842113813668,0.02099846425822134,407.6274711146499,131.26221562030838,1.6460148096084595,0.13102142476407,0.34557914011406177,0.04108664391744784,1.0,0.0,0.0,0.0,
no_activation,4,push_x_1p5,64,3584,50.1,273.83987005916424,46.441605753979005,3449.640625,535.6309842972919,0.07773209665901959,0.0774330790787829,0.06027367661590688,0.026399078021621402,0.3130994050297886,0.03488520475152128,0.14383567823915655,0.13004628751873307,0.6786917895078659,0.21064229753080482,44.81900840997696,5.667872400456832,11.931554913520813,1.958385668868527,0.03913165663834661,0.014245438535282992,382.5694236755371,182.82783797150194,1.3222881415858865,0.21147134032657047,0.3479172424413264,0.05468000492556054,1.0,0.0,0.0,0.0,
no_activation,5,payload_8kg,64,3578,51.5,161.12019097805023,38.363533458490025,3578.0,0.0,0.16413465305231512,0.1500382137319452,0.075641774921678,0.0165520500057873,0.19310761336237192,0.04139814868902123,0.6253318894887343,0.22147664486933089,1.2222231272608042,0.16229320938873187,52.14181464910507,6.895930729175894,9.722515247762203,1.6268516449429617,0.06145324819954112,0.008824625237904452,553.4654622077942,110.50437551287882,1.6729501821100712,0.13047065125401894,0.32679201336577535,0.039302466328968624,1.0,0.0,0.0,0.0,
no_activation,5,push_x_1p5,64,3578,47.9,293.49751806259155,8.49155452044332,3578.0,0.0,0.05895859524025582,0.01864976261330086,0.05176644737366587,0.0112515276127274,0.31180809158831835,0.04324878229181225,0.19867943015378842,0.17174821913739532,0.5420163283124566,0.014728102932660414,42.27637591958046,5.4009491515938155,10.855250433087349,1.4812635187772347,0.03024706177529879,0.000648385447940344,343.3399820327759,15.212922497524193,1.2582155177369714,0.22112207335461218,0.3236112156882882,0.05811066542633175,1.0,0.0,0.0,0.0,
no_activation,6,payload_8kg,67,3578,56.1,103.26078967549908,54.14756311344414,3137.194029850746,960.6468975549752,0.3071890565664021,0.22820772799182204,0.14888149313628674,0.06574085909720917,0.22310122769715182,0.0583487715456693,0.5060725690824772,0.2801227661742796,1.5356953797945336,0.4444592149701969,71.83313922028043,8.357322120299116,17.073429890532992,2.553956064697563,0.08737838041704538,0.028208525044050355,498.30016042225395,132.53944497327242,2.0124291395073506,0.1875191499336634,0.4717902901457317,0.05634227656844183,1.0,0.0,0.0,0.0,
no_activation,6,push_x_1p5,64,3578,50.6,244.52259412407875,64.49900895330265,3309.328125,707.860807200845,0.07992252279655077,0.0845809463734462,0.09886495460523292,0.03301131408265327,0.30789935938082635,0.037667499519215934,0.1464594942117401,0.1435207110711951,0.8349503939971328,0.05640348338841193,48.815433382987976,8.150439679926595,12.169246092438698,1.964193914633497,0.04714970488566905,0.0018421884341847244,415.2256989479065,64.4530851379638,1.4515148848295212,0.2386136214366768,0.36152704851701856,0.04823357003829594,1.0,0.0,0.0,0.0,
no_activation,7,payload_8kg,65,3578,52.5,148.97840411204558,46.787948406100504,3457.6153846153848,543.0867130437049,0.2371666194154666,0.19065187043923792,0.08969219326972962,0.02276186939411888,0.21467417157613314,0.046256079637829364,0.5025261257703487,0.25833999784723877,1.0683285364737878,0.19751701855805903,53.24345955481896,60.5792195093671,11.499838124788724,19.17096187340784,0.04896436620217103,0.009823501667873838,433.92189049353965,81.43705173719798,1.6874630506222064,0.7389898220189843,0.3494674930205712,0.20520477838602377,1.0,0.0,0.0,0.0,
no_activation,7,push_x_1p5,64,3578,50.9,262.1196376681328,65.96780349016188,3317.453125,719.1479510821364,0.08186196628957987,0.06768774337520266,0.05325453574187122,0.019088619087270327,0.29654320725239813,0.04579339007643814,0.23009572902446962,0.19642651944187672,0.5555441156029701,0.03146316865799702,46.31891095638275,7.452538124906338,11.613459333777428,1.8994735543262409,0.028612120455363765,0.0008279695086136677,382.87680673599243,41.55825115934638,1.3476953832432628,0.2129785831282056,0.33741863793693483,0.052478620866476186,1.0,0.0,0.0,0.0,
no_activation,8,payload_8kg,64,3578,53.7,153.93821561336517,33.82585929646699,3552.140625,206.875,0.1997921180445701,0.13320425691571916,0.09572102350648493,0.014197717056340462,0.202002790174447,0.044189793253896395,0.5575300874188542,0.24025607626201764,1.1888462528586388,0.13854712834155036,53.086812019348145,17.597767025561794,9.905124597251415,4.757386205399257,0.047350690787425265,0.007021152462606533,456.5161669254303,69.06241092087998,1.5522067323327065,0.30478405089813065,0.2677816387731582,0.09365159366022029,1.0,0.0,0.0,0.0,
no_activation,8,push_x_1p5,64,3578,49.2,277.8856483101845,35.39922705201943,3522.578125,361.53121469166194,0.08144860918400809,0.04529116432452898,0.05583338491851464,0.01245830815104038,0.30757346749305725,0.04395735722414951,0.21851023905037437,0.17851274212387666,0.5498938336968422,0.03879617735094607,55.2577908039093,36.11636426231075,13.817787609994411,10.393630871402342,0.026758506195619702,0.001031150692433498,363.0161476135254,39.17479806382151,1.5644285948947072,0.6529213514652433,0.3858017756137997,0.18359976100818204,1.0,0.0,0.0,0.0,
no_growth,1,payload_8kg,64,3749,58.3,85.84617555141449,52.211088330968224,3351.078125,682.1143670035246,0.4238932447042316,0.2747354483626123,0.10227137786569074,0.0415922907202767,0.18011137280700495,0.06936301507924594,0.634501626213023,0.2791404839462787,1.0799219221808016,0.3761009786479348,25.288545161485672,1.8381549989470094,1.9471524339169264,0.5090981821224391,0.03400820566457696,0.012736409575809458,813.110239982605,357.1176834271556,0.9830602025613189,0.02658857619929616,0.10776726726908237,0.014541406652472203,1.0,0.0,0.0,0.0,
no_growth,1,push_x_1p5,64,3578,50.0,246.60478657484055,63.911910874241734,3233.125,727.8052787727798,0.08752504183212295,0.05313848130951011,0.060043889068765566,0.022562266483528257,0.31920855841599405,0.04335301698783633,0.16667129876441322,0.1643617775884214,0.7155227940529585,0.030905451610749615,26.044607877731323,2.5325989822093065,4.020497411489487,0.7468539149094183,0.029883559909649193,0.0009009508331618267,842.1763429641724,117.99934699673275,0.9086801493540406,0.07255672114064744,0.17390383046586066,0.019668874114941517,1.0,0.0,0.0,0.0,
no_growth,2,payload_8kg,64,3578,53.8,91.61392877995968,35.55099380300623,3460.875,530.4311663375581,0.3201498988782987,0.17460598588862802,0.10007399431196973,0.023636163429771182,0.2065019888104871,0.047159470735390494,0.5633830831502564,0.25240372731297284,1.33182007772848,0.28526661826193794,26.10110628604889,1.249215943534008,2.4298168644309044,0.337791880493594,0.05739503263612278,0.014105802689342492,814.2698574066162,192.28180103364605,1.0552027625963092,0.033776808712576004,0.1189044676721096,0.01773304223549992,1.0,0.0,0.0,0.0,
no_growth,2,push_x_1p5,64,3578,48.2,261.4573874473572,37.17404902444037,3475.40625,447.5582685749882,0.08226210437715054,0.02889881023916657,0.057376182347070426,0.016703930472690597,0.31665287050418556,0.04538388267160241,0.18087276553706033,0.16449052106957787,0.6581632401794195,0.019686411622006468,25.51734831929207,2.2177344325542627,4.216323088854551,0.7035350681819761,0.03313140940736048,0.000718533864002555,812.1632280349731,62.153082753747604,0.9053579894825816,0.07060939920824919,0.19185773958452046,0.023337283525576704,1.0,0.0,0.0,0.0,
no_growth,3,payload_8kg,69,3578,55.0,51.00527820509413,61.01049693450894,2862.3478260869565,1219.8120253702418,0.4964638726002928,0.23270182041517162,0.0957888972716055,0.02814887932287221,0.19449499173872714,0.0638864882983652,0.5997055346024749,0.3330915035659086,1.154445326414661,0.2593341051152219,25.721349301545516,1.452153091459989,2.510263558747112,0.4152033786846938,0.050004601424586945,0.013439893643410498,1074.9132097769475,597.400808925321,1.003657353097114,0.04016594126205654,0.12506607401630151,0.020148211774291377,1.0,0.0,0.0,0.0,
no_growth,3,push_x_1p5,64,3578,49.0,256.83656680583954,46.1853631937911,3405.90625,538.0618280030355,0.071520306810271,0.02951039967450468,0.060130989470053464,0.023428898376201077,0.31828897120431066,0.04620555898895517,0.18461062071037304,0.1660326723743603,0.6989868832752109,0.025266708419467713,26.37408784031868,2.84242191840603,4.545098766684532,0.7538948758791943,0.03426933730952442,0.0007242596474092991,938.7228422164917,69.09783738531954,0.8617712026461959,0.0738030571853338,0.17968942655716091,0.020269573941393705,1.0,0.0,0.0,0.0,
no_growth,4,payload_8kg,64,4547,69.2,87.440714687109,37.93802711341103,3211.953125,832.3472342735198,0.3414740259759128,0.15130214840390935,0.11181691617821343,0.03044304290107114,0.24600666237529367,0.05111583547807499,0.38094030522188405,0.276682024989507,1.5495157586410642,0.25987283406269857,25.852337777614594,0.7671501087394237,3.0962993279099464,0.4737684761090181,0.07246882433537394,0.015472638788435777,866.8285686969757,153.69414846086374,1.0451448615640402,0.03922872350061903,0.1497608165955171,0.019752547269879822,1.0,0.0,0.0,0.0,
no_growth,4,push_x_1p5,65,3578,50.1,243.29684084378755,58.243036976645406,3314.0153846153844,722.8684720504937,0.08307465452414292,0.04659961656068256,0.0622686775544515,0.024342979360825252,0.3356851304952915,0.05042517767138087,0.1228755392993872,0.15524264507305865,0.9007163992294899,0.01604728332626909,26.053901701707105,3.098764585316709,4.1887005365811865,0.7818131948442913,0.04445031376985403,0.0008668109834925727,1037.3933499849759,84.0250268124664,0.8652586652682378,0.06205687099002083,0.17247742941746344,0.018517003325091222,1.0,0.0,0.0,0.0,
no_growth,5,payload_8kg,64,4037,62.0,89.57272888720036,40.19751853731822,3378.28125,737.6757895149522,0.3903576438315213,0.1996579343998209,0.11061721190344542,0.03762630107027143,0.2136378635186702,0.051666441599912474,0.5465664105140604,0.27257799502906865,1.239943883381784,0.30837196044190707,25.96937468647957,1.4880547243630724,2.74009482935071,0.4581664926579675,0.05303371734044049,0.01529771697113812,862.1527156829834,719.704631474493,1.0282438416033983,0.03371639778812742,0.14313836686778814,0.020682280735847703,1.0,0.0,0.0,0.0,
no_growth,5,push_x_1p5,64,3578,48.6,247.92848080396652,60.0047755380436,3317.875,731.668141879411,0.07295896954019554,0.03180241163354641,0.06736616155831143,0.027226032494073238,0.32150823762640357,0.04748016341150033,0.16278954295921721,0.14338872219917473,0.7094684829935431,0.030031206517417395,25.152093172073364,2.59454690214963,4.251837614923716,0.7088822534569549,0.036576646962203085,0.000824395516022716,1029.0124588012695,85.54712157733054,0.8814747603610158,0.09060935447636385,0.18576847459189594,0.023201417473431955,1.0,0.0,0.0,0.0,
no_growth,6,payload_8kg,64,3578,55.9,101.97835094109178,56.2449084681932,3446.328125,573.6022363499247,0.3334282956784591,0.24039360124032721,0.1137044595379848,0.03595305526484351,0.21084332561622432,0.05550282704632306,0.4954100732029474,0.2929789545965532,1.1935449976008385,0.29241787978393824,25.93331941962242,2.157240202990655,2.386142425239086,0.5654286112176735,0.04139476653654128,0.010668842711468793,767.0519568920135,199.83736421851023,0.9965075775980949,0.036778180779421334,0.11882853507995605,0.0197757434708536,1.0,0.0,0.0,0.0,
no_growth,6,push_x_1p5,68,3578,51.0,214.40090044806985,88.17877409570622,2842.1176470588234,1029.0536375416323,0.09923529509893235,0.07131486996451498,0.07266798790763407,0.03826362361119502,0.32392923840705085,0.050299476166790355,0.16529734486111386,0.1721339897565556,0.6599985588999355,0.05259631247713528,26.204972715938794,2.75265056691095,4.043773970183204,0.9191623829657724,0.029891312314087853,0.000999122205926137,841.6686114142923,156.6882455582963,0.8909738379366258,0.07827536677320077,0.1739810984581709,0.02460817395196914,1.0,0.0,0.0,0.0,
no_growth,7,payload_8kg,65,3578,55.9,103.13905133467455,41.757273322272944,3376.4307692307693,629.3588495750747,0.29571379193892844,0.1544995526027663,0.1090477316138836,0.020585924717536952,0.2285619474374331,0.05069270847420875,0.45994204689676943,0.27421646359460217,1.3797164974304346,0.1970852521705173,25.806395926842324,1.1469643018857574,2.7797584992188673,0.4370284595840487,0.060641929865456544,0.013190404507802072,959.6720876840445,413.95564697072234,1.0135574029042171,0.03839915215595026,0.13441897046107512,0.017788186765451977,1.0,0.0,0.0,0.0,
no_growth,7,push_x_1p5,65,3578,50.5,249.57569014934393,69.72977845043047,3252.4,832.874349016705,0.0865923540523419,0.09084851078247246,0.07458373995927664,0.06375308104981245,0.3221830067726282,0.04482495739062995,0.13863765437585804,0.12778361650770018,0.6996853855940012,0.021161974421984676,25.837550500723033,2.821483503428546,4.655115362314078,0.7752937032540641,0.03699210790487436,0.001214436879617343,778.2722628079928,212.21230478880403,0.9221297319118793,0.08294330111079784,0.2016987491112489,0.02337770005979467,1.0,0.0,0.0,0.0,
no_growth,8,payload_8kg,79,3578,56.3,48.51374831116652,44.62635221212435,2270.253164556962,1250.3255213923235,0.4519290262008015,0.19305186600657137,0.12086734221658751,0.032866294673705644,0.20339454050305522,0.07650522612431333,0.5776464698624008,0.3627832820906439,1.2115252535743049,0.27180809436437875,23.96839875812772,1.2224520945443653,2.288382718834696,0.4491313979438626,0.04465861331459276,0.012806355458099163,1009.1054513665695,453.7252114700323,0.9628996260558502,0.030609003887524643,0.12680624925260303,0.021196041378029468,1.0,0.0,0.0,0.0,
no_growth,8,push_x_1p5,65,3578,49.9,241.1885360130897,58.10360196260956,3273.2615384615383,728.2648530265938,0.08691393813261619,0.03785772500979646,0.05931273102760315,0.02047538607667344,0.31017488883091854,0.04637263334711967,0.21057642182299438,0.19124487662341383,0.7653196004720835,0.02364562724047243,25.781688279371995,2.693010639036897,4.447329693574172,0.8031787059732136,0.04035205187705847,0.0011383759980111703,956.8092022235577,50.460962987249694,0.863250182225154,0.07118538086785589,0.17796471279401047,0.02141521375092029,1.0,0.0,0.0,0.0,
hard_terrain,1,payload_8kg,69,3578,52.2,47.47666181947874,40.52526001088594,2948.550724637681,1230.5026296818223,0.8152837876392447,0.19067229673139027,0.04923499217661827,0.04872062320960879,0.13789620751386805,0.7963415440000194,0.5904941760556961,0.4489303572450901,0.5387813580640848,0.47598372273541567,24.378745092861895,2.0204443043691067,2.4946916621664297,0.6670880807629295,0.018895863776392154,0.016433817595032995,811.8307532158451,1099.8363597224397,0.9742850203444993,0.05478376289346979,0.1251581400848817,0.031739933102505835,1.0,0.0,0.0,0.0,
hard_terrain,1,push_x_1p5,64,2892,42.5,44.4846995677799,33.86472780879607,1210.296875,692.2865192620641,0.3971883896738291,0.24448180021491217,0.11335394612979144,0.037157086735773406,-0.21871387382270768,0.6361472810356001,0.6113637080707122,0.41836998844436923,0.9623385951854289,0.20486417761607817,26.426801651716232,3.813860679401048,3.088136173784733,1.1081469012201666,0.031079788444912992,0.008755071795714123,2457.996329307556,585.3063211243287,0.8748209094628692,0.06056003081336555,0.12887267977930605,0.021202234382283493,1.0,0.0,0.0,0.0,
hard_terrain,2,payload_8kg,64,3578,52.9,87.79688361380249,26.41961917948666,3451.515625,552.8415770144226,0.9708797037601471,0.07274427374901478,0.02661483603878878,0.02667227020131302,0.1566789927892387,0.8043013116089132,0.44293083864795335,0.4968863497541712,0.16082757263211533,0.19070851741010542,21.08914339542389,2.264001337380652,3.495232827961445,0.7733467448142868,0.006851825492049102,0.007087996407495632,273.5119707584381,840.1123194133943,0.8808081764727831,0.07774666901720145,0.17729721625801176,0.03647133352762242,1.0,0.0,0.0,0.0,
hard_terrain,2,push_x_1p5,64,2193,31.7,25.426854697754607,22.165843883795166,762.140625,468.75386532797853,0.32726879697293043,0.19673853818781137,0.16021144180558622,0.053682287075626944,0.47007177011619206,0.7947433199288865,0.30235401645768434,0.4320718219441386,0.9765972988680005,0.17646604609540678,28.790096163749695,4.903788506983113,4.212067075073719,1.2783835125915126,0.040264960334752686,0.008922283666530703,2834.41229057312,661.7272961831012,0.8700423762202263,0.0912226853128076,0.16209095844533294,0.030327005164287938,1.0,0.0,0.0,0.0,
hard_terrain,3,payload_8kg,67,3578,52.8,64.52509921077473,36.96526952336409,3163.597014925373,963.8494327859844,0.8525137483184018,0.1547891143509237,0.04212605639068938,0.040057538175225324,0.15258164356337556,0.7940957525515325,0.5427839934492289,0.46348302790062457,0.4145738176945875,0.37609656516532647,23.7456251969978,1.904783021860133,2.9998899716049876,0.7561637217840651,0.016842467580060128,0.013968658540079894,789.5812147339778,1203.7589431816934,0.9622061323763719,0.04858062602287973,0.16594123695768528,0.026779491364414522,1.0,0.0,0.0,0.0,
hard_terrain,3,push_x_1p5,65,3578,50.9,113.63561932375798,60.542646113164224,2649.230769230769,1170.856734527526,0.5352504264849883,0.31027514391748606,0.08178033820138528,0.03856416577829034,-0.10429246270885835,0.5992523653758527,0.515641169468514,0.4138698486245527,0.6203486169760044,0.3124919495686789,26.049882947481596,3.3543732506097723,3.729173695124113,0.842997042805616,0.0272073088428722,0.015112077526355249,2098.3695364145133,1140.353030991615,0.835838534281804,0.06988031165314736,0.14820942821410987,0.02823070655612715,1.0,0.0,0.0,0.0,
hard_terrain,4,payload_8kg,68,3578,54.1,52.88328816610224,30.109035775341415,3101.3676470588234,1055.6126169891209,0.7646176872007987,0.20475939413845312,0.04994739563313916,0.04172613213491987,0.08406430959482403,0.7523684681109786,0.5949556136859909,0.44360172991296515,0.7004794218741796,0.5272522238002396,26.619044079500085,3.1857071573888947,2.456071588922949,0.8001718406728673,0.022796630653936195,0.01820004113807879,651.5522330789005,668.4730546787879,1.0236771834247254,0.047638853731294985,0.11265265152734869,0.0170791522360099,1.0,0.0,0.0,0.0,
hard_terrain,4,push_x_1p5,64,2346,35.3,31.267252382822335,25.356634882380018,935.109375,612.9199465371438,0.44808891031425446,0.2709538384848378,0.12851970025803894,0.04402225670244269,-0.14765056893520523,0.7865682511597704,0.6340978825392085,0.4525452057189604,0.9730045706965029,0.3489739788393532,26.417122572660446,3.2840674953091984,3.307625772431493,0.8548013656988683,0.03145138060062891,0.01267886113415432,2628.3622102737427,1129.976916588784,0.8630614876747131,0.052581741457691976,0.14384939440060407,0.01815973606404859,1.0,0.0,0.0,0.0,
hard_terrain,5,payload_8kg,64,3578,51.4,79.40033722668886,22.794208976983153,3528.78125,393.75,0.9065147982910275,0.09764204237933939,0.027578288525546668,0.022637478881182494,0.08077505600522272,0.7434322770930234,0.5500279484258499,0.4762884078192394,0.2846789001778234,0.23258668661703397,23.90635046362877,2.089312942071393,2.3296024426817894,0.6115023857148701,0.009047545401699608,0.007686110776516227,273.57148537039757,318.4662400344623,0.9844376258552074,0.05936008888045331,0.12883859022986144,0.032371900663966086,1.0,0.0,0.0,0.0,
hard_terrain,5,push_x_1p5,78,3578,52.2,91.58978597170267,57.9661052934702,2226.74358974359,1187.9226814217736,0.5029788378817148,0.3026854014731659,0.09678824850095388,0.05217945023983144,-0.09439036123550092,0.5813474157740646,0.5057658340784912,0.43267570746438383,0.7391416757152631,0.34937375267643533,26.616647500258225,3.345228658791051,3.22146946650285,0.9483167720279515,0.028843595335880916,0.01374207292108362,1842.3254918807593,880.5688091747998,0.8510403915857657,0.052163332277682876,0.1325075802130577,0.020771196853114477,1.0,0.0,0.0,0.0,
hard_terrain,6,payload_8kg,66,3578,51.5,76.73730450326747,28.309504296674714,3434.318181818182,581.240587261179,0.8682986590446848,0.16546750060170046,0.032375310103154996,0.029769647018759497,0.06013879465701228,0.7087610777217561,0.5574765118883189,0.4578517127745002,0.3898905136368491,0.385693124812999,24.297432061397668,2.6112089385339847,2.4938142082907935,0.5569126369892459,0.014052964537051705,0.014892143746474103,432.0205503232551,612.1988621619787,0.9714441615523715,0.05591674897281473,0.12828533949725557,0.024709263084662193,1.0,0.0,0.0,0.0,
hard_terrain,6,push_x_1p5,68,3578,53.1,106.10738629453323,56.60579480591964,2492.779411764706,1081.7323840093602,0.5829936917871237,0.29099848411365353,0.06732197451021742,0.03704929962632333,0.0350358429200509,0.6014419271255494,0.4002789589439464,0.42534993370818824,0.6265198417446193,0.35090918851721137,25.89222189959358,3.2522733803999815,3.2533470427288727,0.7473344387369815,0.0279100979472894,0.017481520852513647,1578.9942990471336,1032.7425447120077,0.8414233265554204,0.06292212557456921,0.13013138172819333,0.0229071013686549,1.0,0.0,0.0,0.0,
hard_terrain,7,payload_8kg,71,3578,54.0,56.116886453309526,41.3734976201864,2583.5774647887324,1282.7615596491348,0.6995561513262736,0.26622083157318405,0.06689777317732362,0.051510309117784224,0.11461920726677062,0.7540677759505904,0.5334192747971647,0.44046572883357,0.8010828918974164,0.6217134165305288,25.85386090883067,2.5636645788447767,2.8934507017404263,0.6966478283682703,0.029073154686582864,0.022305086737753443,754.4217080666986,602.5425377832244,0.9770442448871236,0.06946505075565704,0.1312317677157026,0.03021072228279076,1.0,0.0,0.0,0.0,
hard_terrain,7,push_x_1p5,64,2918,40.9,50.28562493994832,36.61104095702942,1350.109375,787.7059945683848,0.40063457540236413,0.29487970872341024,0.08936861011898145,0.032977890214928314,0.1535135569574777,0.7695708796863755,0.4253406264833757,0.42816092366307434,0.8955392520874739,0.3237797624849871,26.51156997680664,4.385656488843331,3.2976208105683327,1.1123611474498056,0.03715677223226521,0.013363256581461156,3070.304181098938,1350.7923279168301,0.8545785043388605,0.06594438476505798,0.14653548516798764,0.028326404732586734,1.0,0.0,0.0,0.0,
hard_terrain,8,payload_8kg,76,3578,55.9,40.25857250196369,34.13754950302078,2564.684210526316,1335.4457254467645,0.6799716204404831,0.22664610390993448,0.08810283384579969,0.06507314014849701,0.23120432374018587,0.7928768318599402,0.48217973021153165,0.4465767313590408,0.910771556100563,0.5968260413113567,26.671657035225316,2.9708412723761666,3.060433511671267,0.81090705373224,0.03393673648028389,0.021868443326736205,1496.7122240568463,1244.1638529706272,1.0348098544698012,0.06642013527755003,0.1326378860363835,0.023680113497172344,1.0,0.0,0.0,0.0,
hard_terrain,8,push_x_1p5,64,1984,29.2,28.723594702780247,19.35845196062958,906.3125,449.3681587111976,0.40475888433866203,0.2421843532655046,0.15152199333533645,0.03647385111601805,0.08470942679559812,0.7595524603716292,0.46603093848534627,0.4596130647845405,0.9890334848314524,0.17592724871073492,29.687366664409637,5.8198649875040385,4.184145579114556,1.6402529933021757,0.03987929550930858,0.01107774494442318,2761.643072128296,695.4228254885307,0.9266347344964743,0.10765714386019984,0.15604656341020018,0.03659248557048819,1.0,0.0,0.0,0.0,
